{
  "samples": [
    {
      "intent": "Greeting",
      "vector": [
        0.42132664,
        -0.17618582,
        -0.17240876,
        0.11019778,
        -0.40779474,
        0.1947298,
        0.44139916,
        -0.2609301,
        -0.17471829,
        -0.34136873,
        0.030315697,
        -0.30308014,
        -0.4428991,
        0.24421513,
        -0.042613804,
        -0.29533535,
        0.24597257,
        -0.13794681,
        -0.3310315,
        -0.09510484,
        0.12628609,
        -0.49653712,
        0.018385053,
        -0.47281042,
        0.44740957,
        -0.3037306,
        -0.039257377,
        -0.22691435,
        -0.36497104,
        -0.18104553,
        0.022144675,
        -0.18822676
      ],
      "weight": 1.98005
    },
    {
      "intent": "Greeting",
      "vector": [
        0.2961706,
        0.3237639,
        -0.44551492,
        -0.42078274,
        -0.272964,
        0.21968949,
        -0.2335091,
        -0.33491907,
        0.29825902,
        0.2502609,
        0.014128506,
        0.4942385,
        -0.20822701,
        0.13652247,
        -0.425225,
        -0.3414508,
        -0.15582284,
        0.3673632,
        -0.006460756,
        0.4928267,
        0.09028888,
        -0.0035760999,
        0.13472462,
        -0.020555139,
        -0.33639035,
        -0.41586804,
        -0.25649402,
        0.095333815,
        -0.2377474,
        0.037534,
        0.05931151,
        0.17790872
      ],
      "weight": 1.99
    },
    {
      "intent": "Weather",
      "vector": [
        0.13066836,
        0.1255214,
        -0.07194664,
        0.1353935,
        0.029308327,
        -0.23687904,
        0.032413267,
        -0.19965148,
        -0.1577037,
        0.18417011,
        0.05678545,
        -0.03208033,
        0.24056126,
        -0.066777386,
        0.069519244,
        0.16250911,
        0.1998063,
        -0.10900258,
        -0.037678555,
        0.015939243,
        0.11354315,
        0.034160838,
        0.01558134,
        -0.01777158,
        -0.18904647,
        0.073211536,
        0.020610034,
        -0.0038910136,
        -0.23051548,
        0.15470295,
        -0.15969917,
        -0.02179642
      ],
      "weight": 2.0
    }
  ]
}